,resource_state,name,distance,moving_time,elapsed_time,total_elevation_gain,type,sport_type,workout_type,id,start_date,start_date_local,timezone,utc_offset,location_city,location_state,location_country,achievement_count,kudos_count,comment_count,athlete_count,photo_count,trainer,commute,manual,private,visibility,flagged,gear_id,start_latlng,end_latlng,average_speed,max_speed,average_cadence,average_temp,has_heartrate,average_heartrate,max_heartrate,heartrate_opt_out,display_hide_heartrate_option,elev_high,elev_low,upload_id,upload_id_str,external_id,from_accepted_tag,pr_count,total_photo_count,has_kudoed,suffer_score,athlete.id,athlete.resource_state,map.id,map.summary_polyline,map.resource_state,average_watts,kilojoules,device_watts
0,2,Lunch Run,9789.8,3128,3162,64.0,Run,Run,,7362386558,2022-06-24T18:38:54Z,2022-06-24T11:38:54Z,(GMT-08:00) America/Los_Angeles,-25200.0,,,United States,0,3,0,1,0,False,False,False,False,everyone,False,,"[45.52728708833456, -122.60249071754515]","[45.52638754248619, -122.60399292223155]",3.13,4.31,87.0,27,True,148.9,167.0,False,True,85.4,47.0,7844706162,7844706162,garmin_push_9079167003,False,0,0,False,63.0,23871091,1,a7362386558,o`{tGrxhkVUIu@BQEkACkA@QBw@?wAOkA?eACcAD{@?_DEuA@uFKuA@CBGb@OhIORGXCh@{AFeBAy@@i@?k@IgD@c@F_@RQFa@@]D}A?g@EqBD_AAe@Ac@KsA?m@BeAGq@@kCImDFSDIHCG@CI@QNq@vA_@l@Of@Gl@Jn@p@jBb@~ABRCN@VDNHdAp@lL@jAAx@Ov@s@pBObA@pBAjADn@?fAGxFAT_AtCI~AA`CCz@Kt@O^o@x@g@T]Hc@N_@b@Un@YvAUd@a@rAWd@_@T]Bc@H]N]DYTMj@Gr@Ap@Dp@EjC@jBCnA@t@Gn@Oj@a@f@g@TaAl@o@TWRm@l@{@rAc@`@a@TMDa@Ha@Di@ACHKxB@lBGxCFzCBDz@Jf@PfDBPDPj@CfGElCF^ZDx@?XBd@?xAMxADd@A`ABtAAVAx@FjAE`@B|B?vCEbB@d@Bb@ClA?ZEfBF`CAnBDlBCv@@dCKrBDtB@|AGh@?@A@oA?cFB]LARh@@XA`CDlBCh@V@JAVB\?hAE~@@zBEd@Fr@?PTLFf@@h@A|@DlAElABHGN?ZB`@WVCpAAbAEZFz@At@JdA?f@Cr@Fl@TvAhAfAj@xAZvDL|BAdBDf@?pBB^Eh@?f@D\?t@EFCFk@B}AEeBA}DDoFCoAQeEKu@Ae@[wCu@mEI{AEqCCGo@IQ@WCCASqAKoD@aAEmABmAAkHBcDMW]By@XUDEIE_@Fw@B_AX}B@sCEcADaDC_@]IQOKWEm@BwDEq@JyQCgA@iCCoA?gE@_AJ{@BsBGeGDyAA_AK{@M]CCa@Cs@?a@EmABa@CKAAE@c@,2,,,
1,2,Lunch Ride,12808.5,2925,2970,243.0,Ride,Ride,,7357786241,2022-06-23T19:07:02Z,2022-06-23T12:07:02Z,(GMT-08:00) America/Los_Angeles,-25200.0,,,United States,6,2,0,1,0,False,False,False,False,everyone,False,,"[45.527022052556276, -122.60242223739624]","[45.526907136663795, -122.602654164657]",4.379,11.15,,24,True,114.5,141.0,False,True,201.4,59.6,7839655291,7839655291,garmin_push_9073784276,False,2,0,False,10.0,23871091,1,a7357786241,{~ztGdxhkVj@Eb@@TCxC@FFBJExKRp@DX@x@C|BAdGB`AHNHB|@BJFHHCfE@^JLFBRBzCK~@B|AGbABxCGjDBzHCtA@TFNGtAIdAD|A?`ABhAC|@DdA@~@EfAA|@@PCHODo@CsDDaDBENAdAENOFi@E{KIcG@eEBQBE^A|B@C?@m@KgIByCFg@No@P[Z[NKRQ|@c@x@MR?\G`@Up@S\QdDiApCsAz@e@HO?AILQLECAOVs@rAiBr@m@T]j@uADm@Ia@CAo@\]?IDKJELCBCGAYcA}BOKM_@SQ_@A}BXa@HiAj@_@RGHaCzBa@Pe@@i@[WYUc@IKWSs@G_@BeAa@KUCc@?OFYFMRWVGhABr@?nAQX?RGLIl@o@ZShAc@~@g@p@o@FIHW@[GYMQOIQA{Al@aARaAL[Hg@VYj@Gf@DNJDXM^Ej@O`A[|Au@r@GNEH@DHBTHJTEb@JV@h@ANIZ[x@c@b@c@HC`@B^IL?NBDH?LKTm@^i@`@_@n@Wv@WvBAVFXLV`@d@Vp@X^JZBZAJSj@Gf@Ad@Y|@E\A`@Yj@[|@UPu@`@mAd@eDzA}@MqBDc@BcAPg@EWSIMUk@CQ?s@RsDKk@_@y@CS?IEUFSGGK?[N][FQV_@v@YLW\GP@RHHFLTBLTvAJ\GhAGj@BxADXZn@j@l@j@XlA`@|@n@PBl@Qf@WdA_@x@]TCb@@PEj@[fAw@vAw@z@s@|@eAj@cALWH[RiA@{@BCBADHHn@Ez@?PPIRYXw@H_@@i@Gu@Fc@@iAD]r@uC?KWaAkBqFeA_Em@wBES?eA@]BGLKFAb@ChME|@FfAEl@JBBDbAA|G@|KC~LEHG@uAEmABaBCI?CDBBj@EbBDtBAL@NTDl@ElACbJGxD?xDDtFClDEHGBQ@sBA_IFg@RILGRCXElF@lDAh@EHQB_B@}AGcA@oACgABuCAeCJc@XsAJw@@}@CmBD{@C]LIf@?jHC^MLG@}AFeAHkADmGAqAFwD@uCF{@C]@G@GJMbBKNQB}EGqCBeAAiE?a@F?Ci@EsA@o@CuF?GCCIAQHmEB_GC_AEg@EWMWa@CgA@OGGQ?aJMSa@GsDB_AFKHAHBf@RP^@BBLE,2,117.3,343.2,False
2,2,Morning Run,9682.0,3343,3384,76.0,Run,Run,,7352038723,2022-06-22T17:42:39Z,2022-06-22T10:42:39Z,(GMT-08:00) America/Los_Angeles,-25200.0,,,United States,0,3,0,1,0,False,False,False,False,everyone,False,,"[45.52729161456227, -122.60282632894814]","[45.526306154206395, -122.60234638117254]",2.896,4.349,85.5,27,True,145.6,164.0,False,True,85.2,46.0,7833385185,7833385185,garmin_push_9067120874,False,0,0,False,56.0,23871091,1,a7352038723,q`{tGtzhkVEa@Mk@aIAkAMs@CeB?{@E]@q@CcBB{GGiBEc@@MDEvBGl@EtAYp@C`BGp@_BJkACcABIDSXUFgBBe@Cs@BcCGc@BmAGg@@SCqDBcAI_@@}ACwAMO@WDy@@g@AsABkAC_@@YDa@R]`@[l@[d@IFUf@Il@Bn@J`@pAdEFlBRbEN`BH|AJv@BjAAh@Il@k@jA_@hBAd@Bt@?`ECt@D`DC|@Gr@o@jBQp@Cn@Mt@Gh@CbBGj@Ul@GHe@dAKH]L_@D]\Sd@]pAo@tC_@~@]Ve@NY@_@AU@ODOTI~@a@lADrCCp@AfFIz@Uj@iAfAg@To@Re@T_@Z_AdAgA|@YJo@Dw@LIFGn@Dn@?lAEzEDjCDb@BB\Bh@Nd@Ht@?f@Cz@?FDHLBPAn@DtCKjBDv@?j@D`@F@l@@PAdBHdDF`D@hBGhA?l@BfAAbIR~@MbCE`@G~@@xAFl@FhABxFI~AFlACd@Dl@Ez@@x@IXAA?n@FTCvABr@CREp@?^Bz@?h@CVHf@\p@BVCvADx@PDM@AtCAb@I`@QrAAfAFzA?fADtAKtARj@VdAz@`Al@lA`@p@BNEHo@?w@Gw@EwDDiA@aAHg@?a@GgDB_CGeA?kBF}CEs@GaDFkBEe@k@wBGo@Hg@Z]No@Fy@CmB?mDE_HBaEAy@FoDEeAFyAC{@B}A?cA?ALCjA@RAXGXQx@O^BRADY?g@Bm@C}F@q@DgAGyEBwA?eCD_AEqADq@CaB?gFDIJKj@Id@CfA?zBGNeBAcBNSp@Kt@@Bw@Ec@@aBCcBBeBCuDDmAEeBIMUCUKmEBi@AgABkEAg@Bc@GGC,2,,,
3,2,Evening Run,6741.1,2822,2847,280.0,Run,Run,,7348290559,2022-06-22T02:12:17Z,2022-06-21T19:12:17Z,(GMT-08:00) America/Los_Angeles,-25200.0,,,United States,5,3,0,1,0,False,False,False,False,everyone,False,,"[45.50929315388203, -122.59718933142722]","[45.52625468932092, -122.60242986492813]",2.389,4.285,81.4,27,True,157.8,179.0,False,True,184.6,53.2,7829299918,7829299918,garmin_push_9062573827,False,1,0,False,89.0,23871091,1,a7348290559,apwtGlwgkVzAkAb@c@bA{AL[Ha@n@mBVaADu@Co@SeBi@cCDw@Go@_@OYQSE]Qo@SIIc@E]?_@IgAm@QGSAe@Io@J_@Cc@PQLg@RWRSHOIYY[EwBv@qBb@k@Va@\S|@EREDg@PQ?QD_@BKGMOY_AWe@i@e@MEg@Ec@@m@Gc@SCGCA\PN@FCXDb@AXJRBJDj@f@FBb@z@Pf@FJHDN@r@ILGNAB@h@b@\Dj@Gf@OtB_Ab@W`@_@p@w@f@u@P?^_@ZS^Cv@Yr@DXT~@RvAVd@LRBx@^\HT@TRZHHN@JI|@BNDLKUDU?O?UE_@OGIMc@IYQi@ISKMEG@y@Ug@Gi@YOOKEa@EWIg@Di@CKDOLQFe@b@QDa@RKAMUKIa@OMB[NcA`@_Cp@YTe@TKPMhAa@L[Lc@HQ@QQU_@c@w@O_@EEKCGMWKYEM@[GS?[E_@KOOd@Jd@BZFTBFA\DDH\ZXZJZDTN^Pf@RGb@AXEZ?t@\^DLA`@QfAq@b@Oh@Gd@W`@a@Zk@RULa@@OGa@OYIK_@QKCWJq@`@eATcASm@AWHkAp@w@Zs@j@a@b@q@\Yb@u@tCNhATj@Rr@D^EXILm@v@OHc@Jc@LURAPNnBL`@FH`@VPG`@]^uAXe@P@j@CRJH@H\Dl@EdA?nCFTR`@j@l@PL`@BfAAREJ@HEZCt@?DHKL]POFi@JgBr@YTe@XYf@Mh@Kx@IpABhCAjBFpBEPKNMJgA@s@Dg@FoABc@?e@I]?c@Fs@Ec@?G@GF?`@CFUASBo@Eg@?a@Dk@@w@LmBMi@Dc@Ea@?EBINE\MDY@g@?mADq@CqA@o@Eq@@[AkAAYCOHm@@c@Gq@Bi@Ac@GcDDk@CiA@{AE]DsB@gCK]@,2,,,
4,2,Afternoon Mountain Bike Ride,11269.0,4571,6088,460.0,Ride,Ride,,7342540098,2022-06-21T00:57:44Z,2022-06-20T17:57:44Z,(GMT-08:00) America/Los_Angeles,-25200.0,,,United States,5,3,0,1,0,False,False,False,False,everyone,False,,"[45.696571692824364, -122.88972395472229]","[45.69668535143137, -122.89037036709487]",2.465,10.048,,16,True,139.5,171.0,False,True,269.8,70.6,7823045214,7823045214,garmin_push_9055942190,False,2,0,False,64.0,23871091,1,a7342540098,qb|uGx{`mVTeADkBJKhAnG\Rx@Sl@wAvAcFhBaCNiABgBz@}BZ_DEqAu@kBB_@d@cCSyB`@gAd@[dB@h@\^r@vClH~AzGH|@OlBHz@tAlCjF|GfBbEBrA}@pGa@lFe@nC]`BJfAn@dALBR{@?sAx@eCNqBHU\ElEyCf@eAj@cBEmCT{FOqBb@Kj@b@n@IbD_E`AYj@DZXT@X`@B[Gf@qAlAWlAm@jAUDGp@a@f@I`@KEi@`AUAIr@o@nAUbAG`ADpAKrAXJ@r@~BDFd@Q^JVNBEZy@jAO[K@Mt@i@r@?^URKE}AhB[bBq@dA@RPP@n@k@`Ac@^cAIs@cA[mAmB{D?]dAgBjAq@f@k@^yBp@y@dBcAZgBTe@h@iDr@eBj@eDZ{@`@oBb@m@~CmAb@a@ZLbAO`AgA`@s@N{Cj@{A\kBRSDWv@]BiBf@_@~B_@BGEUH]Ia@eAy@M?KPLPSK?Rk@LELBDQZw@l@OZ_@ISf@{@CMVH\Wc@Op@PV@ReA[iAeAQLSl@e@M]f@BPGHOe@}@Fu@m@O?Ax@Et@Lj@?l@\v@CxAKf@t@~@rB`@lAvAFb@oAfBa@bA?`@g@|@y@`AQ`A?YQHOLQt@i@RQ|AQP[|@Ef@FX?bAOnAFbATLt@KLXVH`AC[bAPh@i@t@s@P}@zAJf@cAb@cAjAKlAg@p@Qr@LPHl@\f@j@KcBfA}ALc@U[aAoCuF?kAh@yArAo@l@iCb@{@\_@bA[\c@XcBz@gCF_Ab@}AFaAVeAr@qBb@s@r@wBJOdCk@JOfAI{AiCgBSk@m@o@oBg@aAi@uDc@i@u@OaAj@a@t@QjA@r@h@rAHj@a@nBHn@^pAC|BJlAUdBKbDDvAW|@c@IU_EUs@aAm@a@A_A\i@OiAqB{EeGoAeCK}@NgBOwAe@qA_AcEoBsEYDGPDrEb@dAb@jDLvDGnAMPCr@P`@ZT?bAMb@DVQy@Uh@Kh@?d@e@]e@@o@|@cB^q@`@Yl@Mg@QF@S[Ic@VI^]@YTBWXu@Oo@YKG^IGi@`@g@rBSl@c@^_@H_@QIS{@yEQ_@OZB~AU~@Q|B,2,118.6,542.0,False
5,2,Morning Run,9901.2,3167,3167,63.0,Run,Run,,7340486405,2022-06-20T16:56:29Z,2022-06-20T09:56:29Z,(GMT-08:00) America/Los_Angeles,-25200.0,,,United States,0,3,0,1,0,False,False,False,False,everyone,False,,"[45.52711182273924, -122.60264351963997]","[45.52631126716733, -122.60233917273581]",3.126,4.758,87.4,23,True,146.5,162.0,False,True,85.6,46.0,7820809437,7820809437,garmin_push_9053770456,False,0,0,False,56.0,23871091,1,a7340486405,m_{tGpyhkVKYW[_@?YBWAe@FeBCc@BmACeAIkA?]EgA@cB?iEIo@@_AGoFBWD?B?hGCv@Il@QPCxAADQFkABcCC[@e@AQ@wCEiBBsAGcF?cAKq@Bk@CaD?U?OEk@DeA?oDIc@BeACODi@ZOb@eAdBOn@@l@Hd@Pj@l@~AV~@HXPfABdAJ`A`@zH@z@Ax@MdAe@tA]fBAt@DbFCj@Dv@Cp@CnBGl@Qp@Of@Uj@M`BKzDMt@Sl@Ud@_@XmA`@_@^Ul@Ux@s@jDY\c@Tm@B_@LkATCBSh@MjBHvCCv@@`ACxB@t@Gl@Mf@Yd@ML_Aj@sAf@y@f@e@h@e@n@g@j@a@T_@H{ABGHGbA@zEFzFFb@f@Hh@P`ADfB@LFLPDZ@`CHvA?x@E|@?~@BLFD~@H~AB`BAl@FbCJlDKrCBr@A~B?~AA`BD`B?bAG~B@v@Ch@B|@?hBDd@CDCdADv@EbEEvD?\?p@FXEzCBvBGf@Hf@APJ\Zd@@~AEvAF@IGa@o@oBKk@RMTJZnATl@Xc@XWRYB?FZ[p@ALBJVHt@D|B@|@Eh@?f@@h@?|@L|AEr@Dl@Nb@Xj@j@\PbCdAh@HVBv@Kf@?tBL`A@p@GbAHj@CfABv@EvBHPCHq@H}AAiABiABmIKyIMq@KqBGk@Mw@GGg@cD_@{ECw@a@Ic@Gc@@?yBQ{CDsACkCMMIAa@Ei@BUICQ@}@KcD@{@FaCZqDFkA@w@A{@K{AFeDEU]CUWEc@@s@AqBBu@Ai@C}DDgEC}BBcAAiHGiCDm@@kBFs@B_AA}BBo@EeE@iAI{@M]g@Gc@?a@GG[Am@CaHOIcBE,2,,,
6,2,Morning Run,5004.1,1371,1371,25.0,Run,Run,,7319569765,2022-06-16T16:47:37Z,2022-06-16T09:47:37Z,(GMT-08:00) America/Los_Angeles,-25200.0,,,United States,3,1,0,1,0,False,False,False,False,everyone,False,,"[45.526515282690525, -122.60202133096755]","[45.526198698207736, -122.60531214997172]",3.65,4.732,89.1,24,True,159.2,178.0,False,True,56.0,40.2,7797797833,7797797833,garmin_push_9029229151,False,2,0,False,45.0,23871091,1,a7319569765,u{ztGtuhkVXBl@En@?JBFL@b@CdDDhEDd@RfA@h@L|ABz@FdADlC?tBDJHFbAVBDBl@@vHIzC?lBC|@CjE@pEGbEFfCPVv@FBD?h@Kv@AxHG`A[~BMpB@n@E|AAxCCb@J`@ZR`ALj@RHp@KlHFz@?`DDjAJt@FxAh@~C^~CTdCXhFNlBZPXIJ?TDDA?EDwB?s@MaC@s@Ck@OaAQmBm@{DMcA?GBOOgCAm@FwB?uA@SPqBVuB\oDPiAV_AJu@By@@qAG{@Om@EE[Ew@CiAVWDWQAc@PiAAQSYk@Cc@@UCO]GyBCqE@w@EOm@YGQAy@JeEK}CBiJGgFFyF?aDFw@DwBEmJA{@MmA@sDBuBCm@Gs@{AAMBCLEx@ApHVvB?\Cp@IHy@Fs@G,2,,,
7,2,Lunch Run,10098.7,3568,3573,78.0,Run,Run,,7314918293,2022-06-15T18:51:08Z,2022-06-15T11:51:08Z,(GMT-08:00) America/Los_Angeles,-25200.0,,,United States,0,3,0,1,0,False,False,False,False,everyone,False,,"[45.52710838615894, -122.6027923822403]","[45.526307076215744, -122.60237169452012]",2.83,4.386,85.6,22,True,142.8,154.0,False,True,84.8,48.8,7792723153,7792723153,garmin_push_9023800843,False,0,0,False,49.0,23871091,1,a7314918293,k_{tGnzhkVMDS[O_@C[GOWAe@Bc@Eq@?cAFk@@s@Cw@KkAAmE@g@C{B?a@CiB?q@CgFBGBEJSTILAN@h@EvAAjADvCCb@EHS@_ACi@@k@EsBDgCEg@B[Ac@Ja@N_@?[De@CoAAe@HUBu@Aq@@}AC_@EcAEoA@{AGcA@qBGsAHMBk@?UBMFCGe@\Ob@Wj@[f@Qf@Er@Fl@DRdAfDNfA@V?VTtDThFLdA?z@Cr@Op@c@xAOr@Gr@CdEDtHEr@Mn@Qh@c@dBIr@AfACd@?zAIt@Of@c@n@kAj@YH]d@Sd@QfAQd@U^Yr@Yd@]^[T[LEH_@De@BSJUb@Ql@MZGb@yB@i@BqAE_@Ng@XyDDODIZCvCBx@Aj@GzBD`A?p@Ct@ElEBv@Al@FlBCnDB`AArBDj@BB\Fv@VL@`D?L@PV@t@GdBAxADj@@pBBv@PFt@DVCzBBx@CfDDl@Cf@DdACb@@^CbCBnA?LEDGBa@?m@IeC?w@BUBAB?BFFb@Dz@AdC?VBJFDhANh@BvBB`ACd@Cb@?ZEd@@f@Cd@Bt@@d@FnBD`@Ab@Gb@AzA?vFFnACr@EPGT@d@CTB\Ad@FH?lCGx@@xAJFH`@Z|C?lA@pBEXITM~@GnAFhAJdDKPKZChBRn@X`@X^`@`@VfBx@XHj@FbACxB?bABr@FtCBrBMzAJT?RBTCBaB?{GDwBC}B@gCK}AIoCGs@UwACw@Im@Qq@UiBSeDEgBBu@CoA@u@TmC|@kHh@kBJk@Fa@B_AEiAKy@Iq@Ss@Ko@G{C@uBEyADo@Jc@Dw@Le@FoF?{CDkAA{CE}DBiB?qBBiAAkA@u@?qDCQ?iEB{AEk@DwACs@BcABqHBk@IoBEOi@IwD?i@@sAC]E{C@sAEa@B,2,,,
8,2,Afternoon Run,9695.1,3419,3422,231.0,Run,Run,,7309774433,2022-06-14T20:00:50Z,2022-06-14T13:00:50Z,(GMT-08:00) America/Los_Angeles,-25200.0,,,United States,10,5,0,1,0,False,False,False,False,everyone,False,,"[45.52661460824311, -122.60220070369542]","[45.52632451057434, -122.60241201147437]",2.836,4.564,85.0,24,True,151.9,175.0,False,True,183.6,48.8,7787122666,7787122666,garmin_push_9017790124,False,6,0,False,85.0,23871091,1,a7309774433,i|ztGxvhkVhAAZ@^CrA?^Cf@@f@?l@F`ACj@FnABRBfACl@@XEn@Bv@ATCd@?~@DjEEbCHzA?j@EFKFg@n@?f@K^Fv@BvACnDBbACv@FZEHEL?XH^@h@A`@KhDGnAI|BDhAAfBIREJ[H{@DK\Nd@?j@F|BGp@CfBBlAANCHEJYDw@IaJQoBXsAJu@NU\I^@PMLq@To@\_@pA}@bA_A`AyBp@eC@y@Cg@YkAEe@Ki@K}@Oq@@WJk@BYCIc@QMIaAWk@YOEQ?}@SYKc@Ua@I_@O_@CMGg@JSAk@b@_@R_@JKJQJe@e@]M[F_Bn@}@T_BZe@TGHKd@En@ABQHw@PMFM?][Qg@UWS_@YQW[o@Mk@@k@EOGKQK?zAT`AFTHHJ\Lh@fAF\DJRPFNf@AjA_@LDf@\b@@h@EjAk@h@O`@W~@u@f@g@ROJQBm@M_@_@]a@GMAq@Hk@RgARkAE}@H}@^i@^e@h@UPy@`@_AjAKd@I`B@j@Tf@l@p@b@Xb@@NAP@ZDZT\n@JJf@Z^JN@ZEPKxAiArAkAdAq@VMTGjAOjAEzADbBJTGr@?TDZV|@D\RNTDLL~@Cl@G\K\oA~B_@z@Yj@UXa@VMPa@v@KVALQZ]TWn@Mp@ATOr@ENU\a@@GA_@Oc@]WOc@KUSUOGKKwAOCSB_AXQCOe@Wa@[kA?k@Fo@\mA`@c@dAaAbAc@t@E`@B^HZXVl@J|@Et@I^[f@{@f@IHO`@UXg@\uAr@qAh@}Bp@i@HqBfAA\Jd@HDhAY`@Bt@MXKC|@@z@Dh@Lr@CjC@rADn@HTDB^DxB?`HGRGLc@DaECsA?oBCw@CGECSAoBBaAFgD@aBJEBMZCr@DxB@pBE|BIh@EfAEH_@?c@Bq@X[Ao@DoA@{AF}BBeFNyBG}FPq@Eq@@y@AWJM^AHUDm@DcA?KAaHIkBGw@Di@DkABqAKmCGwHBs@ByB@,2,,,
9,2,Lunch Run,10462.7,3559,3559,77.0,Run,Run,,7303783051,2022-06-13T18:53:51Z,2022-06-13T11:53:51Z,(GMT-08:00) America/Los_Angeles,-25200.0,,,United States,0,4,0,1,0,False,False,False,False,everyone,False,,"[45.52762429229915, -122.6022532582283]","[45.52655358798802, -122.60245584882796]",2.94,4.052,85.8,21,True,145.6,163.0,False,True,85.0,44.8,7780630675,7780630675,garmin_push_9010852513,False,0,0,False,62.0,23871091,1,a7303783051,sb{tGbwhkVWDKNg@JeA@s@Fi@?m@Gs@CsECcBGkD@uAAs@Ge@?m@CwACu@@KDEVA~@W|@?rBEzB?hBGPi@E}EAuEKsEDiAEk@BoDEkEK[Eq@CcCHq@C}AAcABML?DH\RpAPv@n@hBLz@BXCDWJKOi@sAe@kB}@kCOl@Q^QRWd@Gh@Dl@F\l@hBj@~BDjBR~BH|ANjB?v@Hz@Bv@?\KfA_@hA]xAKpB?zBDfACdCBv@Aj@Gt@]xA]|@Ox@C`ACrBG`AI\[p@W`@_@Z[NWDc@T[f@]fBWf@Kh@Sn@Q\c@^_@La@VWDg@?_@VUjAKdB@jAJdEErDKd@[f@c@\[F]N]TiAb@oArAg@\_@^]Pe@LmABMVCT@tAE~E?hBDl@?r@@NNHd@Df@PzBH`@A\@BBBJBf@?vAHjB?`ACh@@`ABx@DDb@H|@?pBIvCHf@ArAHb@?bAOl@CzBJtBEFCBMBgBDc@HFFd@BrADDp@PnAAb@@^CbBFTE|@DVEn@@`@A`AFJCx@JjCAj@Cf@BxBIb@Bf@GvDALGBEDk@?o@CoAAaFxACB@Fh@NPNd@?vED`B`DCdAGbAB`@BVL`@Tb@FrAAlBDb@?b@Gd@?n@OPANKVA~@@~AH`CGb@HbAGpAF^Df@Lb@T~@bAlBz@\Hx@JZKzCBf@Ld@CjAHfG?^Dh@Ed@@FADQAw@BcACq@FaJImHGcBEs@Kk@EmAo@wEQaAIs@G{@IeCBsAAiABy@ZyD^yBTuBr@iCJs@Bm@?u@G{@K_A_@kBC[A}@Es@AmBBw@Ci@@cAJcAN}@Ds@F_EE}QFwBC}@BuBC]@qDAkDBeB?yAIiC?aA?s@LgD?aCCiB?uAISq@CcBDqDCs@EuDDoBCG@UL,2,,,
10,2,Evening Run,9916.5,3467,3499,233.0,Run,Run,,7299973019,2022-06-13T02:08:36Z,2022-06-12T19:08:36Z,(GMT-08:00) America/Los_Angeles,-25200.0,,,United States,6,5,0,1,0,False,False,False,False,everyone,False,,"[45.5264977645129, -122.6021290384233]","[45.52626206539571, -122.60243237949908]",2.86,4.32,86.9,20,True,148.6,170.0,False,True,181.4,42.8,7776476603,7776476603,garmin_push_9006126981,False,5,0,False,69.0,23871091,1,a7299973019,q{ztGhvhkV^Jd@?p@Fr@?v@Dv@?~AKv@An@JpBFfBC^EzBF~A?XCrAAhA@vALfAAb@@rAMHKDe@DA\FL?l@EfA?vCGx@Dh@Af@Cr@?x@@\FfACb@Gl@FdDOfAAZ@FEFa@Hu@DiAEy@AuFDaAF[JSl@s@x@_@hBWh@Sf@c@P[AEGEC?}AN{@N[Ba@Ag@]Wa@WqAAOJwBMsBQi@c@?YL_@Xm@fAa@`@SHW@OIMUEOCq@CeBTOVAZEZQb@q@H[Bg@Mi@Gq@K_@Ge@Dw@VkAXc@l@o@JEZUbA}@h@m@h@_@n@Qd@ET@XF^?j@EbAi@XE`@A^BTLV\@n@AFK@W[a@S]HkBdAgAPQFoAn@KLETDb@Pd@^b@`@B|@_@zAw@PEb@AFCf@e@^UJEL?bANVGHEd@e@t@_@^_@XCNDRETA`AN^Jp@DZNRFVD^@\PXBHJ@NMx@@NFHLJE@ECAGF}@A]IM[KSQk@E_@UWGk@Wm@Iu@S[G_@YWGg@EiAP]NSRUL[DIFYLGCa@g@WII@_Cx@{@Lc@Jg@Xc@^Ol@Bp@RTb@PZ?z@c@hAc@lDoCLa@?SEYUW_@Uc@GSBe@Lg@\e@HwAKe@@w@PYLq@f@a@b@o@n@YRSJ_@\e@j@In@A~@N|AZf@dAd@L@\CT?PBRHh@v@^`@n@TN@dAa@f@_@LEVQfAaA~@i@z@]n@Q`ACH@\Tx@`A`@j@Pd@D\YpBCN?R[r@E\@RAJY^]dA_Az@?HFBFA`@KVS\Mb@_@pAy@tAkAz@{@x@gBVmAH_ALHJ\B\CZM^Qb@Y`@aAlBUt@Sb@}@~@]f@Ol@o@d@Qf@In@m@jBYXe@FoB@i@DqAA_BFQ@WNGj@?VDpABdFBr@L^HDTBf@BdAIp@@jAEtCBj@EP]@o@AaGEgCGIUIaCDi@CoBBwAHm@@e@FO`@A`BCLHtFAbCG`@UDk@?iAP_AF_@Ng@FiEHeACoABc@ByC@e@Cc@?_ADy@Hs@B}CGaAFGFILEHCTwAAy@@SC}BEyBH_BEs@BYFgBHo@S_@D}@Ag@E[@cBCyBF{CMwA?m@B,2,,,
11,2,Afternoon Run,10024.0,3307,3323,47.0,Run,Run,,7293707995,2022-06-11T22:53:46Z,2022-06-11T15:53:46Z,(GMT-08:00) America/Los_Angeles,-25200.0,,,United States,2,3,1,1,0,False,False,False,False,everyone,False,,"[42.404475370422006, -124.42292651161551]","[42.40523451939225, -124.42221865989268]",3.031,4.369,84.9,22,True,144.4,167.0,False,True,24.6,-0.4,7769590311,7769590311,garmin_push_8998892467,False,0,0,False,52.0,23871091,1,a7293707995,}byaGhjlvV?h@Gd@OLIHA`@ZvCHd@PVBJI~@Bf@Cl@P^dAr@^H~@An@Dp@?\I^Cn@Mx@?\BbAEl@@RARGpCUfAAzAFf@ExAS~AMb@@jAAp@BpBGtB[fCQr@Dd@AtAJfC@zDa@v@MfA?nBDdC?b@EhAQj@D^@j@CvBAh@IhBm@h@GzAt@IH]BqAWu@Aq@D]HSBSHg@LoA@i@Fc@?s@E_@@oANcBEo@@mAGsAAgBTsCTsBBwAG}ARwED{@J}BBm@F_A?uCFkAPcBIg@?eCR{@Ne@@o@Fu@?e@EwD\k@Gg@@aBKcCCeA?wAFo@Ae@Fi@Ci@@m@Bk@JqA^q@Hk@@oAGs@Je@Di@Bu@A{BHe@?]GYWMBEJMBc@@c@Hc@VqARe@BeANgA`@}AVc@F}B@uALiATo@Di@L}BVm@LuANc@LqAPc@HoBt@i@\eAf@iAp@a@Rc@HKNCZM\Y^ICEGG@c@EcAq@_@k@w@}@kAcBiAsBmAgCEk@\wA@MNi@l@{AdBkFPq@^qCLgBGq@Mq@Sy@O{@Gs@OuBFy@@i@y@eD[y@Km@S_@][aB{@]_@w@oA[s@CK@k@L]BCNCdAb@t@Z`@Xr@Vt@^x@n@\DvBjAdBfAb@NrErBx@b@jAd@z@d@hDtAfAh@t@RjBNvA?hFUbJK~AGvA@hADBCH_@Dm@@wFCw@CsHGcCDuBWaDCGy@w@i@m@I?IHOl@CbBKrCO~AAl@UjBQ`@OHgA@GJCh@?tACxB@bEGx@?d@@DHBf@?d@EvBApCHTNHf@VJbHd@hBRrCJlAHpAV`BLZLV\F\BpAFX,2,,,
12,2,Afternoon Run,13977.7,4707,4725,113.0,Run,Run,,7288063515,2022-06-10T23:32:21Z,2022-06-10T16:32:21Z,(GMT-08:00) America/Los_Angeles,-25200.0,,,United States,0,4,0,1,0,False,False,False,False,everyone,False,,"[42.40493897348642, -124.42184641957283]","[42.405106108635664, -124.42140829749405]",2.97,3.83,85.2,24,True,144.9,160.0,False,True,25.2,-5.0,7763403921,7763403921,garmin_push_8992408482,False,0,0,False,79.0,23871091,1,a7288063515,yeyaGpclvVKkAIOyE]kAEaJk@uBQgAO_AIa@I_@EyCIUNId@ApB@z@Pp@~ApCJ^HtDBzDCr@CBa@JyFb@_BVgCRuAN}@HmJtA}ANi@JkFj@m@DwARk@Le@FcEr@i@PyA|@mAh@E@_@Ea@WgA_BOg@@o@Jq@Nk@j@uAnAiDj@iB~@wGBq@w@uEIo@IyA@iBIsBk@uA_@e@G[Hm@No@Xo@Dc@Ec@WQuGoCi@m@_A{@]c@w@gAWe@o@yAUu@y@oDQi@u@kAUMw@Uw@OoDCwE@y@E}I@eBEq@Fc@RIJEHMn@NxJDpGB~@Hv@Pz@FPl@rAVv@JjAPrAF|AOjFMjBAt@Dr@^zBHv@Z`Bf@~BRzAFZHhA@b@CXMTMb@Mx@?h@HXVpBAbAk@~FWd@iA|@Yd@oA~@qBvBa@d@}@|@uBpAk@P{@HsARu@DyAAo@De@Tw@h@w@p@uAbBc@b@a@Zk@PQBeAH{AFy@@iAFsDHsA?eBDmACu@Is@QoEaCsDeBSFQv@KLIDc@DQJY`@Wj@GB}@MMDq@hAK^a@Z@\CDC@GF@FRn@`@h@xArAb@TpCfAnBj@`APhANfBXpDb@pADt@CpA?b@BlAAn@Id@Kh@Sh@KzAc@XM^[l@gA~@qAVGzA^hBKdCm@^MpAWvAQpA]nAe@^GpAg@~Ag@^SnAi@rC_A\I|AQtBOj@IZWRiAAi@Na@`@cB?c@I[@UJYj@s@v@}AH_@H}@Jm@DyAAm@U_@{@{@_@s@Qi@Ea@Ps@t@qBJs@?eAGc@So@Ye@iBmAo@[uA_Ac@_@Y]mBaEW}@Is@CcAR_KAy@EiAKaAQ{@Qm@m@yAQ_AOeBO}DGsH@{DBk@JYNSh@O`NFvKAt@B`AT^D^Vd@h@R\n@nBH`@JP`@bB\`AVj@hAjBf@f@dB~AbChA~DrBxBlAxA~@`H~Cb@VzAn@h@LlBbA~B~@|Af@x@JdABp@Ch@E|AGbBAd@@j@Eb@?fCO`FIl@?t@Fz@N|BHfE\rAPp@BlALf@@fFd@xAHl@H,2,,,
13,2,Lunch Walk,4352.6,4448,5718,251.0,Walk,Walk,,7282237232,2022-06-09T18:14:33Z,2022-06-09T11:14:33Z,(GMT-08:00) America/Los_Angeles,-25200.0,,,United States,0,2,0,1,0,False,False,False,False,everyone,False,,"[42.328942185267806, -124.426189083606]","[42.3288784828037, -124.42582371644676]",0.979,2.252,51.1,26,True,97.9,120.0,False,True,189.6,-11.8,7757029174,7757029174,garmin_push_8985714511,False,0,0,False,10.0,23871091,1,a7282237232,{jjaGt~lvVHBFJGj@?XFf@EDLh@Hr@Bx@Mz@BVLTJzANDI@BECLHDN?LHDJJARFP@ZJd@Zj@VJRHFJB@BD?LIL@h@Lh@DLBJF`@\BT@EHDJAPQFAL?NDXBXCPBFDJ?HBh@Cp@Hp@AXCZKD@\E^CbAWH@BAZFHDLRD@JEFa@F@FHTfAD?d@]V_@Tg@J[T]H]JBDCDOG]BMFCz@EPBHHD^K`@Ad@UpAOb@?DPZFXFb@?^H_@OcBFi@FIZUBG@MFGXKb@]d@y@b@a@N]T}A@AJ@FLGRARK`@EDOdAQTOf@Ot@@BHIJOLc@@A@@LU^oAXUTIFUFGB?ROb@s@Ly@DCCPIjAMZAVKJGZSDIFCt@DHBPI^Ap@Op@AXER@FAVMb@DK@?CEGHRk@X_@T@DJKHBDTL?DC?GI`@PKKI?I@IQ?EFIECC??@GCYRODEC?O@SX}@@a@C[De@DM@WBUTSXsAJWT_A?UEKEBWn@SXMZSVQ\KFMNK^Uf@{@jAONIDBAHSJg@^y@Jw@\sADUAGC@KZ_@f@Yt@a@b@G\]\OTOPYAKJ[f@ON@DC^?RJ`@BNAz@A@E{@W{@Dy@L_@H{@L[H]EQOE_@AICIDI?GBCJF@?JEREFI@k@dA[`@CHSLYh@GVEHECIQMm@KO?LEDGNC?QSKEMCc@?iATMFo@Pe@?e@DSAi@MQBcAIU@[ESKY?MBURQGa@a@OGy@UQK{@IOGaAq@a@_@OGUCSGYBAE?IFGBOG]Wq@EW?yAOk@IaASaACq@Fa@SUAE@MEc@FE,2,,,
14,2,Evening Run,10877.0,3765,3783,206.0,Run,Run,,7273314296,2022-06-08T03:07:34Z,2022-06-07T20:07:34Z,(GMT-08:00) America/Los_Angeles,-25200.0,,,United States,10,3,0,1,0,False,False,False,False,everyone,False,,"[45.52641838788986, -122.60224202647805]","[45.52623272873461, -122.60244444943964]",2.889,5.46,85.4,23,True,155.5,184.0,False,True,179.6,40.0,7747370321,7747370321,garmin_push_8974951598,False,5,0,False,109.0,23871091,1,a7273314296,a{ztG`whkV\Fz@Fh@@JBBJ@bCCvBBjCTbADd@IxD?r@FbCC`CN\`@HZ?HFF\At@B~@@xHCn@BjBCvEB|EDlAKjDF|BBNHF\DDBHRBr@CrDJlCCz@CVYjASrBAh@BpACtGBLVXrA@x@Sz@m@`@ET?`BQfCIfDHpAIt@BRB`@C~A@dCEZk@Hm@ZIj@Bd@E|AEvCHvAGv@Ah@Id@Ap@G~AHrABZOJu@HsFEuDBuBB_@`@ItAKL_@DaA?i@C_@MIs@KEIAo@F}B@{B?mBEgAF]RMd@Ef@?fAEl@?d@CtBC`@H^J|@I`@W|AGT?rALb@AXGfAK~@ClAKr@@XEf@AHEJUBc@@s@JEf@GvAIN_@Fq@@cCC{@CaCIiBJ}@Bg@EkD@gBLeABeAI}@Co@Ku@@wBEiAJcCGkEDeACqAQqACuABcA@}BA{@D{BIeCB}@Ek@IWe@aA[Sc@KyANIICO?MJ_@Ve@z@s@f@i@bA_Bb@_AJq@VaAFc@Ds@?g@_@wBGcB@m@VeAAc@[e@u@u@eA}@a@OKIYAaBoAm@[IOi@c@y@a@Y@_AE{C]u@?]DmATc@Nk@JgAHa@Ji@b@a@b@g@p@OJMTOj@eArBSr@QPGPCX@HHQVUjAm@\]Va@r@g@\Yj@Ul@Ix@FvACjA[j@K\BNFT\B`@EPC@s@a@e@De@NkBp@s@J}@^[TGHYvAWLg@NQB_@EIKM[S[Qk@YWGOOIuAOm@Kc@O[QZT`@LnAD^Ll@`@VTRX`@jANND@\OXEXSRCLEJmA\_@f@W|@Sx@KlCi@r@\FKAo@IU[]g@Kg@Fw@^cAPsAE_@Dg@PaAp@a@TKLm@h@Y\[Na@XQ^QlAY`BBj@j@rACl@MZ_Ar@QDw@ZSXF`BHt@T\\J^MRSTa@Vu@Ze@`@MXBHBDT@l@Ij@@ZCp@BxBDt@h@~ADPDv@[nBIXKfACjGEb@Bd@Cd@@z@CLGBeC@{@J]R]HeD@w@AMBoABWC{ABcBJu@?k@EeBHEHI`@g@F]CeBB{AG_DFwAGkA@g@Ca@B]FUA_@KaAGeCFyA?e@Bu@AaABaEE[B,2,,,
15,2,Lunch Run,9668.9,3630,3722,334.0,Run,Run,,7266468382,2022-06-06T19:11:28Z,2022-06-06T12:11:28Z,(GMT-08:00) America/Los_Angeles,-25200.0,,,United States,8,3,0,1,0,False,False,False,False,everyone,False,,"[45.52661385387182, -122.60215376503766]","[45.526632545515895, -122.60333821177483]",2.664,4.717,85.0,22,True,152.7,178.0,False,True,180.8,45.2,7739978416,7739978416,garmin_push_8967209195,False,4,0,False,91.0,23871091,1,a7266468382,i|ztGnvhkVTBn@C~BH|CBxAAp@Dr@AdBPdACDKn@HbEHf@EtABzAChB?zBBN?JM@WDWV@f@Il@CVHXBrAAdAD\Ah@EnBETHl@Bf@GtA@h@Gj@Dl@ErDEp@C`B?zADhAGDCBOBq@NgADy@@mFCaB@u@NMDApCEnG@RO\aAPq@LsAVSb@Af@DBAFSLm@Xa@h@c@^c@p@m@TWZe@^u@\qAJs@Rs@H}@OwAg@eBGa@Cq@O[AIFq@FYAUEKOIQYICW@_@Sc@I]EmCeAWOi@MKByALWLQPi@ZONODUKi@a@[EQBe@RMLOFu@Vi@B_ATa@T[d@MfAa@Lc@FUNQ?WM_@m@EOSKYc@[UEISQi@QK?UBGAM@KCO@UQC@BDJFd@?VJ`@Fj@PJL^VZd@Pn@d@l@d@?nAQ\LRNJ@j@Kh@Cb@Ub@[dAg@`@O`@Df@[PGPDf@?N@TCLGr@q@r@UTYLCJAVFLCV?bAJfAZFCXJb@TP@LCb@TLBLH@JE\Sh@BJFJDLOe@Lu@AYIMm@e@YCg@]SCi@Uc@Eq@O]KIIg@Q]CEB]KMBCDSBKFOCUFULMPIFc@FWLICc@][KcBd@iA`@q@Ly@^k@b@INMh@Eb@mAf@UCKMSMSg@c@u@O]SKQS]IYQw@KYF_@Mh@NrALb@FLFt@v@JXDDRn@X`@FBH@b@Ev@SNINDf@Z^FdAWlAk@tAi@f@[HI\u@FWBWGq@U[_@Qc@CKB{@d@m@PmBUk@FWHYPqAj@UNw@x@]Ra@Z_@d@Uh@KZUbAERDp@DPR^Vr@@VS|@k@r@YRcAh@G^N|AXj@VNf@EZUXw@d@{@VKd@?Ln@@f@MvAGjDbAfCNl@JBdAWXONCnAI\IpAe@`@Sf@M^G\O?EE?}@Zo@Lm@Zs@T_AVm@JaA\OB[POTS`@[z@Mf@En@CdBGhA@rACX@l@Cb@BdACB[Bq@@sCJaBB_@HwBKg@Bc@Pe@Nk@@qBLsE?KBSPY`@}@FqBCyBIu@@{@EsA@e@B_ACcBN{ASqEBm@A_A@o@G{A@YHMd@?nGCt@Dj@Ph@Hz@?t@CLCDIBi@A_B@GGC}AAiCCq@We@ImA,2,,,
16,2,Afternoon Run,6543.3,2021,2027,135.0,Run,Run,,7256215176,2022-06-04T23:17:56Z,2022-06-04T16:17:56Z,(GMT-08:00) America/Los_Angeles,-25200.0,,,United States,9,4,0,1,0,False,False,False,False,everyone,False,,"[45.52647052332759, -122.60211797431111]","[45.526508912444115, -122.60241796262562]",3.238,4.917,88.7,22,True,156.6,174.0,False,True,181.0,48.2,7728709029,7728709029,garmin_push_8955064258,False,6,0,False,58.0,23871091,1,a7256215176,m{ztGfvhkV|@HNAzA@l@DdAIt@?dBDNBlCDrACLCHD^B`AC^DlAExB@bAC~ABdACx@Fz@ENGJa@VG~@EzAF`BIlBBvBC~@B|@E`@?l@Dd@KR@dAAjAIfBA^SLg@BmAKqCBgAAs@NiBN_Ah@y@f@e@j@]bAObAW\SBE@UEE{AA]@m@FO?m@KWKYa@O_@CSC_@Fk@HqA?Y[w@U]]Y_@E_@T[\Sd@_@h@QHOB[KKWM{ADs@LKp@Ul@Yd@[HMJa@?MAS]gAE[DsABMDmAFWV[P[xAmAp@u@f@c@^Wj@M~ACjAE\GPK`@Of@GZHXZJTFn@IFC?w@m@u@^iA^uAT]Jc@XKHSXAN?r@Rj@`@LTBNEpAu@l@Ub@UbAq@`@q@Rm@Ei@Wc@_@SQE]@kAh@]F_@Ei@Kw@@a@Nc@RiCxBaAf@IHa@t@S|@Yz@EP?`@Jn@f@jAHZ?ZCHOP{@h@_A\IHENAd@Bv@Jr@T`@XHf@YXk@Re@\c@h@KZLL^Df@BjAGtBFn@Pb@PXZVVNLBtAKv@Cp@IR@DB?FMT_@Ts@Ny@Ho@Ps@d@U\Q^Of@I`AA|AIfCA~EA^CBeCFu@Tu@Bc@HmEHGAE@GDm@KuA?c@@aA?oBHiCBo@t@e@Bg@Au@BcAA}@GqB?i@@q@AaAIi@Bg@A}@Je@KWA}@DqAAm@BkEIaDDgACe@@YH,2,,,
17,2,Lunch Run,9680.2,3292,3347,62.0,Run,Run,,7245056529,2022-06-02T19:27:41Z,2022-06-02T12:27:41Z,(GMT-08:00) America/Los_Angeles,-25200.0,,,United States,1,4,0,1,0,False,False,False,False,everyone,False,,"[45.52723621018231, -122.60273538529873]","[45.52565253339708, -122.60238242335618]",2.941,4.279,85.8,26,True,149.5,181.0,False,True,85.2,48.2,7716553913,7716553913,garmin_push_8942197650,False,0,0,False,71.0,23871091,1,a7245056529,e`{tGbzhkVIe@_@GSIe@Fm@Ak@Ei@@iAAw@Iu@EmB@iFIsDAm@BmBGg@Ae@BoACC@INI^Uf@CjGCn@?r@GL_C?}BDg@Bm@P_@@mBCg@@c@HwBEoBAyBDkAEeAKkB@mAIkCBcAGkCFUHMHEEC?QLo@vAm@dAGj@?p@Nt@~@`Df@jJNfBNjC@|@Ev@Mr@i@~AQr@Cx@BvAAbCBbACzB?r@G`AMt@k@`BMn@Ef@CrDGl@I`@]r@W`@a@ZcAXYROTKVOl@MfAMp@Wr@y@z@c@PSNg@Lg@?SNOj@Kl@Oj@UZa@J{AAu@DsC@mBE{@@EBK`@@j@Eh@?tCE|@AbB?`HC`@Cz@LdJGvDD|@ZJb@FnEALDHb@@JAzAG`DDj@BdCDF^H^?x@E~@?h@Cx@@x@C~AHf@ChA?^E\?fALlC?f@GvAHlBGbDAj@Ex@?^Dd@?h@F|BD`AAfDShH@n@B\Db@K~@AFC@DP@rCE~CFpBCb@F^`@|AAfADt@Ml@@h@OTCx@Bb@Hd@Dt@@b@?b@Gf@A^Ep@BfAAb@B`@G`@Dd@Vb@Vd@d@ZRf@T`@N`@P^JTDT@VKj@Dt@Aj@@`@H^Al@BlDCb@D`@?h@BVAXInADVGDaBAkFD{B?{AGaBBi@As@OgCGeBMe@Eq@{@cIQoBM}BF_BKG[CsC@c@ASEGIIc@Ci@Cq@?wBFcAGcDDuCAmBDgCFcBZgB?w@EeEB{CAu@GUGE]AEECe@?sDEoCBgEAsSByEHaA@w@BmHEaCMgC?kIGq@a@AeAF,2,,,
18,2,Afternoon Run,9897.4,3898,3909,306.0,Run,Run,,7240188526,2022-06-01T22:27:03Z,2022-06-01T15:27:03Z,(GMT-08:00) America/Los_Angeles,-25200.0,,,United States,1,2,0,1,0,False,False,False,False,everyone,False,,"[45.52650229074061, -122.60240069590509]","[45.52798571996391, -122.60229282081127]",2.539,4.036,82.7,27,True,155.3,176.0,False,True,179.6,41.8,7711269820,7711269820,garmin_push_8936546624,False,1,0,False,109.0,23871091,1,a7240188526,s{ztG`xhkV\GbAGjCDvAFr@At@FzA?zCFbCKpA?f@Hz@EbBF|A?hCHzAEFED[?m@BYLFf@Hf@CzBFx@A^@f@ElA@bAIJGx@NxAEf@Dj@Kp@CxCBvEIzABh@AZIHWDWNiBEwAAsCB}BDy@BERIbFFj@EdBAd@KVg@\}@Z{ARWLGV{@p@y@\i@d@eANc@h@kA\a@Zm@^e@t@iBLw@K{A?m@Q_BKYNsAES]]SMk@Oi@[i@IYK}@SaBm@i@Ki@?q@J]VSRcAd@g@YWMYDi@Zg@N[PmAX{Ap@[^C^Lh@ZVh@JZM\CPDNC~Ae@p@y@|@k@`AJPC\Yb@Yr@[l@c@RCRD^IrBXZHx@\`@D`@TVFJRIbAVj@GSHmA?KEGUI[U_@KQO_A]q@Q]CYIsAq@O?c@Iu@HWCa@P_@^c@H_@Te@[[IW@a@PeAVcA`@k@L}@f@[b@GX@TL`@b@X`@?x@g@\WvA]n@[jAmAV_@HW^Ov@k@`@Cl@Sd@Dd@XzA`@f@H|@Z|@d@n@@RJVBJL@PQfAFZJLA@GGCILcAAOQQa@Ug@MSQKAUQUCIImBa@g@Yy@Ys@EMFm@D{@n@eA`@g@Wa@QaBj@{Ab@[BUHc@Xe@b@Qj@Ib@[NKH]d@g@To@Fu@`@YHMEQ[MPK\CXDb@b@lA@VCPKb@e@d@OHa@Za@HIHEb@Bl@Dl@Lf@PV`@JRG\]p@_BPWZMX@PPJ`@@TUtBCj@?XBPZ|@f@z@VTPFL?jAQtAMj@AHD?HADQPa@V{@L_@JMJo@RURS^_@d@_@v@Ib@Ad@M`ACvD?tAAp@Gj@@JCNGB[@i@Ae@Bk@D_@Hi@?}@IuBLk@Ae@JGZ?EcBEw@BkBNMCo@?oCFQPMTKFc@Fg@@_@EYDiCCaACo@IiAAiA@]FgACg@HMHCJMdBC~DCr@ADIBITEhBDlBAp@B~@Eb@WFwAF_@JW@wBGe@@e@G[O@{BCw@DsBIw@?g@TIpAGdAHnBAuB@SCCI?uCIsC@m@COc@GyFD{AEYB_@C_@Iu@BaAGg@@w@L_@Me@?{AJo@A^Ih@CvA?,2,,,
19,2,Lunch Run,11319.3,3767,3767,86.0,Run,Run,,7233936674,2022-05-31T18:44:32Z,2022-05-31T11:44:32Z,(GMT-08:00) America/Los_Angeles,-25200.0,,,United States,0,4,0,1,0,False,False,False,False,everyone,False,,"[45.52739546634257, -122.60254771448672]","[45.526424841955304, -122.60380701161921]",3.005,4.422,86.5,25,True,150.9,166.0,False,True,86.6,50.0,7704457970,7704457970,garmin_push_8929297340,False,0,0,False,87.0,23871091,1,a7233936674,ea{tG|xhkVBc@CKeAAc@Do@A_@Gg@FmABaBSuE@iAEkC?g@Gk@F{FCm@C_@@CZGtKADQFINAFKT[?cAHgBAUB}@@}@EeB?iADe@C}A?mAEg@G[Gi@?k@Fw@BaAAg@EeADuAG}@KmAH[@[Ai@EgC@g@FCP`@bBCJIHODECOe@WcAC?g@|@e@j@Sj@Ef@Nr@l@bBl@~BLp@Ch@@x@p@fMAr@MbAMj@Wh@Sn@K~@An@@`CD|ACjFEt@Mt@m@rBMx@IjCK`AMv@m@rAW\gAh@a@Z]l@m@hCKv@Ql@IP_@^aAZg@@g@NY^Kn@G`AMl@KFcBGqBDg@CqCD_BCI?GHM\CfD@xAIpA?zAE`BBl@BlCArB?hHCpABn@Ax@Ll@XBb@Ph@HvAL\Bf@ATDFDF\Dd@GbADnCKdB@h@BPJJTFv@Bf@FvEAbCJp@?vCOh@DdABf@G|@CDu@DwAFi@FADFDb@?|@Dr@BNx@LzCFrAEjA@r@GjAFj@AnAF|@GdB?j@BrA?n@Dl@Cn@Aj@DrB@FEBa@AyBHc@Ds@BoDb@Gd@?RBHDVl@Fr@B~BAbAHxB\Hb@B`BKtBCrAFf@`@L@bA@N@dDKpAAj@KLEh@I|BFf@Fh@Ej@@vBIr@BrALd@RpAjA^RfAf@dALXAPk@BqA?EFCBBDZBbBBDLBdAAhAF`@Cf@@lALpADn@Cp@@p@ATCf@Bx@KHc@Do@?oBHqB@_CDs@EsBBgBQsD]}DE{@o@aFSaCKwB?{CF}Bd@oDPgBRwAZw@T{@L{@Du@AcBG{@e@oCQkBEeCD}@B_C\_CD}D?oBCwCD}BCcABu@AaCFuCC{BBiB@gDEuBBkCC{@A_BDoDCwC@eFE}@Di@OKq@Ey@?c@DkCGkA@KDKb@Ir@OlG@p@Hn@Bv@Cz@DvDA|@?xDOl@Ep@BrCE\SDOBu@G_AMc@Aa@@GEGsAKu@GeBEkFBiAAiEF{DCk@,2,,,
20,2,Evening Run,16115.6,5304,5313,197.0,Run,Run,,7229942915,2022-05-31T02:35:25Z,2022-05-30T19:35:25Z,(GMT-08:00) America/Los_Angeles,-25200.0,,,United States,6,4,0,1,0,False,False,False,False,everyone,False,,"[45.52643624134362, -122.60225418023765]","[45.5263854470104, -122.60393005795777]",3.038,4.851,86.8,20,True,154.6,173.0,False,True,178.4,4.4,7700111084,7700111084,garmin_push_8924429413,False,1,0,False,147.0,23871091,1,a7229942915,e{ztGbwhkVd@D~A?NFBDMbCCfF@j@Z`B@VCnE?|FBPXTv@PBfEBp@F\AlEH|B@tBIzSDR~@bA@ZCbIC`AIh@CbAQ~AAj@IvHBp@BPX`@d@Rt@@HF@J@`AFp@CrFJh@Et@@r@NtEZzCZjBZlCN`ALbC@rBJj@Dt@QjB@hFG|BAnBBpAEfFFrABhBEv@Bt@?jEGdDB|BDv@@jIEvB?fIFt@@r@CnDBtACvBAlFBr@Az@Fb@Ih@B`CEhE@lHBvAFl@JDzALVJlBCxBNtBGdGCtBNhBK`C?v@Cv@ItAA^G`DRxFJrCPxCSzCA\ERU|ESjBPb@^`@Tt@_@tBCp@Mj@C~@bA`@RTEVYRk@PeBl@oAt@w@~AqBl@i@lGeInAoA|@s@JcAFUVS`@EnBDbAUL}@Bs@CgGDkB?aHDcCAw@W_AIkAA{CEqALwKIuJDsBG{AF_A@}@AgI@kD@cB\wEEgBJcJEoBB}CAu@Bw@EcBD}BMW_BCy@@EK[WkAIu@H}AEKW?u@D_AA}@DuACyG@{@Aq@KOqEBoBHyCOKgBCiBBiA@kDGuH@sGGyE@_CLwDGuC?iCGwDDoC?gAMqDDoBCcDBuDGoCFaCAuFCc@BeBCaADiC?}FEmB?u@Mm@u@_AUOa@I]?{@ZMOCU?MLi@\]b@UbA}@V]Tc@Ru@RuAh@aBFu@CeAYyAM}A?URqABo@G]e@m@uCgCa@Ma@c@UCc@_@iCqAQEs@AkDk@cCTk@Rm@\cAN}@b@sBtBq@zA]n@yA|AK\DRHBfAaAf@o@|A_BtAg@v@E~AJzA]tAI\TJf@Gb@GAg@a@_@@}ChAk@Jo@Xe@^S`@Dl@V^XLz@ErDqBh@c@l@mAD_@C]S[o@[e@HeAh@cAPeCCWHuDrCi@Ra@^_@fAM`A@`Ah@vBDp@ARKRa@Zg@ViAb@Cl@HzANh@\RZ?d@u@Rs@Zc@`@Wj@B\TRVDZIhD@t@D^Rt@\d@`@Nb@AvAYzAGR@BBIPy@Z{Cj@w@\g@p@Uj@Op@IxBHdICnAuDPkBX}BDgAEUL}BC}ANiA@kBEgALc@d@SDoBHeBK}C@wAGm@@i@JgA?u@FqAWc@CcGJ_BGiB@IDELAn@ClGG`@WFw@?g@IIKBw@,2,,,
21,2,Lunch Ride,23966.3,5660,6665,154.0,Ride,Ride,,7224096501,2022-05-29T19:26:00Z,2022-05-29T12:26:00Z,(GMT-08:00) America/Los_Angeles,-25200.0,,,United States,3,3,0,1,0,False,False,False,False,everyone,False,,"[43.79558932967484, -121.50422360748053]","[43.79540165886283, -121.50421723723412]",4.234,9.428,,11,True,112.2,155.0,False,True,1294.4,1272.4,7693699847,7693699847,garmin_push_8917466245,False,2,0,False,20.0,23871091,1,a7224096501,kyhjGlhrdVe@x@{CzA|@hKz@fDpB~DM|CbDz@jAlAxA`@hAvBxBv@pA|BvBt@uAr@e@dArAdIi@dCZvGW`A_Ar@w@xAtAjEWnCN|AlCtBExBYRkBm@q@h@e@xEiAjD?bAa@j@GjAgBLyA`Bk@jByCGcDdAaBhBkAzCJjAn@|ApAl@l@o@bARbC_@|DtFP|@IbAgDzIIvBZ`AnAUjAcCKcATWdEk@`ALfAzAlAEzCdAdDGdBu@`Az@tCyAbDAp@P`F~FpBeAzBaCfE_AjHeFdKpCrGnCIdK~BxEtAvA|CzAjFlAdCtEVzB[`Lb@xBxAhD|@dJpAhC~@`@hAxAjD`IbBD|@aAjFrAfGgAjH~@pCiCr@wB~EuBo@uNJyK}CyH}DS_Ap@}BpDkC|@}BSqC^{DzCeB`@iF_BsAiDk@eGPoCrAsGvAgDpEuE`C{A|FXv@g@GgB}BqCqBmAoDkAw@GjBwG`B{C~@i@ZwDd@w@~AsAGw@n@mDLoE{AsL`AoEh@sAbAiImA}B`Bs@nFbAbApAF|B~@nALnBdAlCh@vKpAnCSpDp@fB?vBvAbDz@x@l@tBh@tGE|D\|EdAj@l@hAd@rBMfBZhBs@pC{@pAwAz@sCo@iBaB}CvBi@{@oB?i@n@}A`@kAvAcA@y@bBUfCHrCe@xBcAKkAcA{@x@gAHeCxC]AeCcCOu@JsE|@iBe@oCd@eBpCmDxCKEWXrAxBfA~Ce@BgCl@aAZqBNuCQq@gCeEgB{B}BuBRs@KiBsBVoApAqBzI{Ei@_HhA}BAo@e@q@uAUwCAsBn@yCA}@}DcCqBsCqB_AkAkEUqEe@s@qGeBiCgCFqHYkAdA{CcBuHc@e@qCzGwAp@s@hA_HHqDy@PaCu@oA{DVeEyB}@wBuAcAw@WeAv@iB~B_@jAMnHg@hBeHK_@v@]jDy@|@uANiA|ADrBy@n@iCvITzCz@|@lAd@fAi@fAj@H^o@lEuB|B{A|D{A?mAVo@|DVxAiArCiAC_@iADuAtBeEp@kCHcB[oAgCgCs@wAwDTm@p@wAo@aA}Cv@iAXuAvAsAvCyAzDG`@}ApAeB`BQLiAb@k@?{@fA}Bp@oGbA]bAl@`@OFqCkCqBKyATgBoAmFvBqCPcA]aFj@yDwAaIp@oAhAw@iBs@aBmCaBa@aBiCyC_BeDk@RwD_CyD{@oCm@yKlCwAnAeA,2,69.5,393.1,False
22,2,Afternoon Ride,18475.0,4062,4586,115.0,Ride,Ride,,7218835356,2022-05-28T22:21:32Z,2022-05-28T15:21:32Z,(GMT-08:00) America/Los_Angeles,-25200.0,,,United States,12,3,0,1,0,False,False,False,False,everyone,False,,"[43.79553115926683, -121.50420030578971]","[43.79562268964946, -121.50424581952393]",4.548,9.442,,10,False,,,False,False,1300.0,1274.6,7687899333,7687899333,garmin_push_8911619547,False,5,0,False,,23871091,1,a7218835356,ayhjGfhrdV]J_@dAoBl@UZHpEd@vEv@jCrBfDU|CF^pEr@j@p@pA\z@hBd@f@vA\vAfCtBj@sAdAc@dA?\lArF@jAk@~BZtFQnAeAfAm@vAtAbEQ|@HhDj@r@|An@KxBUPcBQo@b@i@pCMjBy@dCJz@k@bAGr@kAFk@`@uAhB[vAaCDi@IyC`A}A~AqAbDJvAb@v@t@Zd@^r@e@v@PrCa@r@tAnBrBRp@L`Ag@lCkCrGK`Bf@tAfAQjAoCU{AZyAHwAfAUr@Vn@WDg@fAyATiAvBuB\iBPgBKYaA_@iA^cA_@]k@c@G_@qCV_BzAwDHu@nAcBSq@Gq@xAcBfAEbAkATw@JcCTa@|B\jDENU^eBFkH`@sAvAqBrAeA`AXrAbAjAbChCjBn@RdAYp@s@b@Dl@`@Zt@YrBDl@rDx@`AQnDFbCqAbAgAtBmF^Oz@fCr@dEq@bBIt@Xp@YfEHpBt@nAhA|@rBb@jDnAr@~@J|DpAlEjCbBtAzBbEbC?x@y@xDB|BT`BfA~BtAJ|E_@nAm@nFr@n@]jBI|Cr@hCtBrAxB@z@Yb@}C]_CDkCnBy@rAaDzC_BbF}@|DI`A?tBPdB\jBbArCf@l@jCbAvAAdAUfBcBvAe@bCc@`BPfDoAjA_B`AaAvA{@bBAjA\tA~Bx@nCOfCPvAKhFZdCJxFb@fEsAk@oBh@q@n@u@~A{CrCkHiAaBl@}CXsEyAk@ZWf@mBIi@u@gCgGeAkAq@S_BoCYkBSsEo@uByAwDFsINaA]cD{@mAq@uB]a@eE{@sDeBmBqB{AkC]iBTmIg@k@_Dk@iAcAsCe@{FsBwDfD}A|@yEdAiClC}AbAs@g@mDuEeAW]LqBWq@v@iBf@cA_A{Ar@}CFkA_@[Lu@i@sANg@}@y@m@eD@_Bp@HdAe@r@e@|Ae@Vg@C_@{AJqAlBmEhAaEU{AmByCi@[u@_BeCn@_AIe@l@sAs@m@qAOmAfAqCjBiBpBs@XWhAA~@LdDuEb@QbAHLiAd@u@Gw@~@wBv@eFDaAt@UnAz@ZQJuCgCgBMwA?i@ViBg@_AQuA_@_Ah@gApAmANw@[kFF_Ab@gC[}B_A{Dh@eAzAu@GQiB]sAeCuB_AmAiBgA]aA_AiDo@_@a@RqA?kBoBaCu@}B}@qMRY`Be@~@cA,2,72.1,293.0,False
23,2,Lunch Run,12896.5,4418,4422,252.0,Run,Run,,7212574267,2022-05-27T18:19:44Z,2022-05-27T11:19:44Z,(GMT-08:00) America/Los_Angeles,-25200.0,,,United States,7,3,0,1,0,False,False,False,False,everyone,False,,"[45.52620590664446, -122.60221797041595]","[45.52630866877735, -122.60235727764666]",2.919,4.541,87.7,21,True,148.9,171.0,False,True,190.0,49.6,7681042099,7681042099,garmin_push_8904506293,False,3,0,False,89.0,23871091,1,a7212574267,wyztGzvhkVd@Ml@PNJDJ@REh@?dBQrBGlBF~@Nb@BPKtCGv@?rBGzDDd@XTx@PFJBf@GhBBtAInFBj@Av@C|@CnBGfBClB@z@Cz@UtB?`CGx@H`AFPdAr@FTNx@@NInABpAGr@^?Nn@MdBCxAAbJDt@BFTLn@Fj@An@O~@m@f@MfCUj@AdGJjACj@DxGI`@oAXMlEBnCEfABJKn@CFOHAtAHtE@BCNYBc@BsAEiF?cDBoAFGnAAb@IN{AFiBBCbACvCB~DGReAHq@?aAJGfNFlBA`BMf@?`@G@GBkCDu@FmKCoBBiAEaDFkC?SIg@AkA?gEDcDEwBCgC@iBDoAGsDFwDE}C?eFBwACcBK}BOiBKa@U_@o@g@e@Gg@Pg@BECIYD]Ve@`@c@XQx@u@RUb@w@h@wAj@{BHi@@q@MeAUg@S}AAy@VwA@[AKOg@c@{@uAoAMIiA[y@o@WKa@c@{BiAi@S_AIWG_CGs@Ho@Ra@Da@Pg@`@eAPq@Vc@VUTw@x@KRY^MXK\[n@k@z@_@\OV?PHL`CeB|AaB^UhAKjAJvCs@RKTAf@P^\Tf@D@T?^[VKz@Id@Q\?z@R`ANlC|@PNj@F\R^HFH?RMr@ATBLLRGG?KBUAI?KA]O[c@[]OWE]Sq@GeBc@a@QWUeAOuAX_B|@c@JcAk@YBeAb@{Bh@U@o@^]^I\?NPl@TT`@Jb@I~@k@fAa@|B_Bf@k@Dm@Ka@OU_@OYEg@?mAl@c@J{BCk@Hg@Ts@d@iAbB}BlB_@r@MvA@PHf@P\NRFP?HENS^a@`@C`@EL{@j@SXEn@Dt@T\^X\Ad@c@d@{@HUVWh@QH@\\DPAXEt@QpA@jABTHZh@x@ZZd@PZBn@MrCO@N]RmAf@cB`A_@Ls@v@Sf@Sl@G`AAt@MzBGvBBl@Cn@Dj@mBN_G?UBEJWNs@CGLD`@EVQb@GrBGd@Qp@EfB@~FG`D@V`@rANv@?\Eb@@dDIlFHbJEtC@bACZC@g@Fy@AmBJuEEc@FO?SICWAkAB_BCqCFsHImCOMG[CwBBoEC{@BuCAmADwBCuC?{AC{DAIcACoAFoCI{A@kBEsDJcAOuB?iBFw@CoHC_@Ea@@,2,,,
24,2,Morning Run,9860.6,3028,3083,77.0,Run,Run,,7207093585,2022-05-26T16:42:54Z,2022-05-26T09:42:54Z,(GMT-08:00) America/Los_Angeles,-25200.0,,,United States,1,2,0,1,0,False,False,False,False,everyone,False,,"[45.527190109714866, -122.60256816633046]","[45.52656398154795, -122.6024588663131]",3.256,4.622,88.7,23,True,152.4,171.0,False,True,87.8,54.2,7675060894,7675060894,garmin_push_8898090285,False,0,0,False,77.0,23871091,1,a7207093585,}_{tG`yhkV?EB]CWEEYKgAD[HUDw@?iBDk@IsDFm@DIGWFqA?mCEQCc@@qAAsCDcBC]DI\QXIh@K|DEtDADWVoBEa@Jc@Am@@}A?q@Cc@@m@CcD@sBCm@EiEAe@Gg@AkB?kAEa@Ba@EmEA{@BWB_@RWZ_@|@o@bAQ~@Fz@Nn@d@~ALl@Bh@Jv@JdBb@fJFlA?hAKl@w@|BKl@CzDLpIAx@Wz@q@bBId@EnCSnBMn@[v@a@^gAl@e@\eAfC]hB_@p@a@Xe@Jo@Ze@@YNSh@MlAO^WXu@Lm@Bm@CsB@sAAc@@{A@GFGZE~@EpB?`CClABnAI~D?nCChAHrDEhC@jCJj@d@Pr@FjD@P@FFFP@\AjAEp@?dAAtC?b@Hj@bALb@BnCGbD?t@Ep@Bz@?dBF`@HbCKrA?r@B~BDnAGhDAx@EtA@zAH`EI`AEjB@n@DtC?fBIrABlBG|A@|@EpADd@Hp@X\Hd@Bh@ChA?NGBEBBA@H?pAGh@?^BxA?xBLNDrAG~@@p@Cj@B\Dd@Nh@ZpA`@lAh@`@JhAPH?JEJAd@Dr@AnHXfA@d@Ef@Mv@PLC~@BDEHo@HgCCaFDuGK_HCc@Ig@_@}D]oBQ{AKmAKeCBs@CoBHaBj@aFDaAL}@La@Fi@h@yBFu@By@GsAQiAIeAO_AGo@GeAA{C?q@H_AFs@PkADcCDwMCwDBwB?uJDmFGsF?cADs@EeADuBCcA@{CC}BAQECu@I}GAgAEaC?oBCm@N,2,,,
25,2,Lunch Run,13248.5,4574,4582,103.0,Run,Run,,7202278601,2022-05-25T18:46:09Z,2022-05-25T11:46:09Z,(GMT-08:00) America/Los_Angeles,-25200.0,,,United States,0,1,0,1,0,False,False,False,False,everyone,False,,"[45.526526011526585, -122.60237052105367]","[45.52651025354862, -122.60242341086268]",2.896,4.766,85.9,26,True,145.8,156.0,False,True,88.4,6.6,7669822015,7669822015,garmin_push_8892487414,False,0,0,False,84.0,23871091,1,a7202278601,w{ztGzwhkVbA@j@Cf@BJLBNBvBGzF?LNf@Hh@@tGEj@BdDN^ZLf@FFFBL?p@Er@?`AFnBEhEDbAD|IC`FIzAAjAB~BFPZZ^LBJCtBDv@AxBAv@a@`D?bBEpB@`CK~C@JTb@b@P\F`@?NTFh@@f@BbDG|@Ax@Br@DPEfANpB?VJxBFTNfBF^Rt@Hl@X`DDt@FfDR|BAZK|@@bBEz@F|BCfBDbBGtA?~@GnBDnDAlBBx@Ct@@tCC~@DpAKrBBr@Pl@HhAKbCA`ABvACN@tDDd@@|DAj@G\A\F`CCN?rAE`ADh@?j@Cn@J|B@t@IzAEbC@rCCdFD~BGtERJvANj@LHCb@?h@EXFX?b@Er@@l@Gf@FxAClABdCCr@@^B\Fx@Bd@ERA^@\ExBDvDAzADpAEfAFf@IXCtCHzAKlACd@DrA@v@Fn@OXMNFpBUl@Bd@Cl@Dn@A^Ht@n@NDZMXSZKtDEb@~@Zd@BB\Bb@M`@WHIBO@yAHa@RUFWdAgB~AkBrCsDr@u@XS`@m@z@eAbBeBHs@?k@BId@[pES`@UFYD{OEsDFiDEu@Qs@Ou@BkDAw@I{@H}CHq@Ds@@sBOcDCeABiCAo@FqIC_AB_BEaB@mBCgBDu@J_AF}AHu@A_A@eBGuE?iBFkDA{ADyBAeC@a@JmAMsBAe@BgFAcD@oBCg@BaACeCFqDEiCAkHDoBCu@@sCCkFIcB@gBS}Ag@CK@GD[Bi@AGKSaDEsDG[UASMa@GWCa@@QGAEIyACcFEe@KMGWG}ABuGI{H@q@?kGCGGAeADg@AUE}BDeAAkBFwBEgD@{ABg@Aa@Dg@?_@?c@EY@C?IMUIk@?q@HiDDyAGAIBo@A[BQXRb@@rA?nCKjAApADXALEL[GkGBeAC}@Ei@QQiAA{ABq@?m@Gi@B_CB]FM^ElD?tEI|@?~@ITe@LU^GBaCEk@FaBDu@@cBA}ADyBAu@MY@_@FwA?qALW@_CBuBCMLI`@AJEDM?uBEyBB{IGsA?a@Be@Ik@CeADaCBg@GoBAiFF_@EMEYFGH,2,,,
26,2,Lunch Run,12887.5,4524,4596,312.0,Run,Run,,7197345247,2022-05-24T19:57:02Z,2022-05-24T12:57:02Z,(GMT-08:00) America/Los_Angeles,-25200.0,,,United States,8,2,0,1,0,False,False,False,False,everyone,False,,"[45.526321241632104, -122.60232282802463]","[45.527307372540236, -122.6024728640914]",2.849,4.19,86.1,24,True,151.7,178.0,False,True,183.8,46.8,7664480152,7664480152,garmin_push_8886774598,False,8,0,False,111.0,23871091,1,a7197345247,ozztGpwhkVHGnAAJ?PNBlFEdBJ`BRh@@jAGxDAjGTNn@FVRCjELZ^LbCGrBHb@Ip@Bp@Kp@NtEFrGQjDFpHOhBDbAJzHELU@q@EmBDwERKbA?TCBE@i@MgO?gG@}ABKrCItCDXGHSJGpAMRoBDiAIoIFw@ZIp@AdDB`EGX[Xi@^yBTa@VGt@BPGJ]Fm@FKz@aA`Ak@\_@n@uAhAaED]ScC]yAEs@F_AZ{ACo@Uk@_@k@gA}@iCkAsAiAiAs@iEs@o@Gw@H{Bt@q@NyAPa@L}BdBo@lA]|@U\e@\CNo@nAEVFHTI^[`A_@^[jAgBf@UfBQjB?vAa@\CX@`@NL`@Aj@CBe@c@YGcBz@kBT_A`@g@h@Kf@Hj@`@f@VHd@Id@SfE}B~@oANMPCf@a@l@Yt@OdA@`Bp@dCj@j@Xp@J\TPBDFARW~@Rj@K[Fq@Ae@o@i@]Ks@_@YAsA_@qB{@u@IsA\cAr@w@Ly@m@c@DuFfBm@b@Qd@Ev@EJm@TOLo@hAa@lAe@PSPo@lAHbARXNF^SDDGTCz@LrAI|@?bBMjA?^Ln@\h@f@zA?HGPYb@Qj@MxCFELmA@u@D]HM|A}@z@W|@KZU|@YT]CQSG{BBeAVc@CSS]g@_@eAEWC}BBk@Ao@Io@WUg@Dc@Ve@d@i@nAWVQDQESc@Ki@G_BFIzBe@b@{@J_@?_@q@uC?i@\cCh@c@pAi@xBcC`A_@p@Ar@Lv@Ap@Mt@]b@Cj@PT\?h@GNw@m@IAeCx@kAP}AjAMl@Bj@PZ\Lr@CbAa@`CmAv@u@^i@La@Gy@Ua@a@Se@?uB|@_BQk@B_Bl@aAf@e@l@qAp@QPo@zAYrBJ`A`@~@Ld@CVGRu@`AsAj@INAtAHz@P^XLXCb@e@fAmB^Gd@HTb@Fn@QxCBr@Nj@f@x@LL\Hd@DxAMfBGFDIJg@VoCr@{@b@]V_@h@Mh@SvAFdHOjB@n@CJIBuFDwAMyBA[HMb@E@i@CaLTWJK^[LgC@iCOoADoAEsEJ[FG\IpAAfA_@~@?nC}EOqDBEFALDd@?bAKdAy@F_@?OKgD?AaFFiAIICDSKMQCaABqAAeBQG}A@MFCH,2,,,
27,2,Evening Ride,6800.1,1056,1085,82.0,Ride,Ride,,7193030113,2022-05-24T03:24:01Z,2022-05-23T20:24:01Z,(GMT-08:00) America/Los_Angeles,-25200.0,,,United States,3,0,0,1,0,False,False,False,False,everyone,False,,"[45.51842129789293, -122.67332098446786]","[45.52724165841937, -122.602355517447]",6.439,11.777,,20,True,118.3,160.0,False,True,60.6,7.6,7659815348,7659815348,garmin_push_8881626297,False,1,0,False,5.0,23871091,1,a7193030113,ciytGhsvkV@yBL[NaCRcBlAwH|AsId@{Ap@oAf@s@jAmAHQLa@Ba@@w@Ma@QG_@COICiETkBC{BI_AB}@CiAL_A?SC?DUBs@DuC?GA?CgAAwCM_FDiI@qRCuAAcFBcC@}JEYGISEkBCe@FcCHmEDqDQmADoE?_@GWBcADUAIEGWFwEHmREoCCcJDcG?qFCkDBiBEiEGmA@QJo@@o@AuCD{NCyCBcDGcABq@?{ADiFCaA]aCOMw@?o@CcABc@?IAGEEKUkC_@cH]yC_@cCMkAS_DE}CBw@?yFDiCAg@M]kBBUSKs@?{@N}HLkBVgC@eEDkD?WCKGGSGc@GGGEM?qCBoA?cEBaBCyIDwJ?iC?g@PkAD_A?cCAeIIgBCuE@wCCQGEe@Ei@?oDDOBiA?gAFQL,2,155.7,164.4,False
28,2,Afternoon Ride,7278.3,1093,1120,35.0,Ride,Ride,,7192680297,2022-05-24T00:24:48Z,2022-05-23T17:24:48Z,(GMT-08:00) America/Los_Angeles,-25200.0,,,United States,1,0,0,1,0,False,False,False,False,everyone,False,,"[45.52566007710993, -122.60252156294882]","[45.518092308193445, -122.67453895881772]",6.659,11.45,,26,True,128.8,151.0,False,True,66.6,14.0,7659435192,7659435192,garmin_push_8881268302,False,1,0,False,8.0,23871091,1,a7192680297,kvztGxxhkVEf@GnC?tCCh@B\Rt@B\EnMFh@NJ`ADFDDR@~BA|F@bJCnHDhKH^PB\@LJAlC@`CErCc@jEIlB@tCAnDHXPD|AEHDFJF^?`AItI?pAH`DRvC~@dHXpDLfDJzAH^FHRFrBF|@CTBPNZtB?hDBzAE`DDpBEhM@lL?~@K~BHfJE`J@fGAzA@fIAnCC^AxJ@vBAtCBrYDzBAFEdDGd@J\d@x@lDpFh@p@xArA~D`D|C`D`@ZRFPD|@@fIAvBGbBAtFFlE?JBNPEhFBtAKbDAfBAfZHf@~@jDLfADvAARCT]~Ao@pDQtA_ArFsAfHiArGM^[d@SRaAf@g@j@IN@NUr@Kr@OX]LMBIAi@_@YAuA[{@u@oB}@]MaBc@YQYU,2,107.2,117.2,False
29,2,Morning Run,18585.3,7434,7570,478.0,Run,Run,,7186813405,2022-05-22T16:48:49Z,2022-05-22T09:48:49Z,(GMT-08:00) America/Los_Angeles,-25200.0,,,United States,16,3,0,1,0,False,False,False,False,everyone,False,,"[45.53948233835399, -122.72336731664836]","[45.53964637219906, -122.72335591726005]",2.5,7.788,85.8,22,True,147.6,166.0,False,True,339.8,79.2,7653026160,7653026160,garmin_push_8874294666,False,10,0,False,146.0,23871091,1,a7186813405,wl}tG`l`lV@`Ae@hDb@tAxArAYvAVl@OhAv@DkBy@m@n@{@?qFeAmArA}Eb@k@n@uCW_@Py@jB{AYs@PmFhFeAdBeAfDb@dB_@n@fB~DFnBn@hBf@j@fArF~B~B}BG_CoB{Ce@c@^uAdEi@l@{@k@u@_BuA}A\_FSm@i@x@}BlA]`Ec@bDQVu@[SLYjC{@vCmBb@gC`CkBf@wBzCqAUaAdAVnBcEq@U\?tA]|BaBvEEzAcAzCmAS]PYtDyA`@{@xBDrCqAfDV|CMjAm@fBNtAIp@R`Ab@\OBdCu@vF`@?z@o@dADp@hHkArHwF\iFd@UnCDB`ERf@hAYfBfAd@}Ah@QlAjBh@zCEpBXtBNTbAQbAtAx@B_BxA^^j@F?PcAd@~@\@^}AhA~ATy@h@It@o@JOr@i@G{@bBi@`CPr@hAdArA\h@rAYv@O~AyBRa@b@j@pCn@nAuBg@}BfASm@S~@KzD}AsCqCp@LdExBvBb@z@TlArAnDZdCDnDv@~C|DjFxAt@xCb@qEmAiEyGk@{CDmAW}Aa@qBmAaEe@kAuB{B_A}EaAYQ_A]h@p@bCq@pAVbD`AfAe@dAB`Ar@xB|@v@`@xDs@qAaBa@}AaBs@lAGnBa@fAc@yA_@oCkAeD?tCYwCm@kA_CQtApEv@bIWvGj@pGnDfNj@`Ha@eHw@eBY}AcAkBi@gGg@wBHmLq@qGq@{BoA{CcAkAsBaA}CkEWaAOuDc@eA]iCLYZClCtBhKzEVEJg@Ik@yCuDgDuGYsBmAgE@g@`Ek@vNnCj@SF_Au@k@aDqGe@M{@cAg@W{An@wD}@}@s@{@kBcBeAUaCqAgBIuDFk@l@o@Do@aA}D@_ApAaAToB?mCRg@l@u@dBa@Ni@PgD`AHrBgFx@k@X{AF{D|@{Br@IbC`APOJ{DnCLn@wD~@KbDyBpBMv@sDdAcCb@Gn@`@j@[`@oEA{@tAqCjA[hAiARNPf@C~CJn@|@|@~A`Ed@RXq@HuEZgA\EdEz@bB~BnB`Ax@EEgAaAoAgAyEoBaB@y@o@yAi@}Is@eAGg@@_GpAiBxBw@rAmAnCZ`@wBLOxCPfBu@rEY`DuAEx@dD|BjAo@`AAtBhAXEFgAs@}AwDkEs@cEPmB,2,,,
